{"cameraMode":{"drawMode":0,"name":"Shaded","section":"Shading Mode"},"sceneLighting":false,"audioPlay":false,"sceneViewState":{"m_AlwaysRefresh":false,"showFog":true,"showSkybox":false,"showFlares":true,"showImageEffects":true,"showParticleSystems":true,"showVisualEffectGraphs":true,"m_FxEnabled":true},"in2DMode":false,"pivot":{"x":-0.09395155310630799,"y":0.7280174493789673,"z":0.12386445701122284},"rotation":{"x":0.0012077749706804753,"y":-0.7227621078491211,"z":0.0013484774390235544,"w":0.6911714673042297},"size":6.064422130584717,"orthographic":false}